RA_1,DEC_1,FREQ_GHZ,X,Y,SNR,FLUX_MAX,BINNING,GROUP,F,F_kw,ID_1,source,window,ID_2,RA_2,DEC_2,VIMOS_U,MUSYC_U,MUSYC_U38,MUSYC_B,MUSYC_V,MUSYC_R,MUSYC_I,MUSYC_Z,MUSYC_J,HAWK_J,TENIS_J,MUSYC_H,MUSYC_K,HAWK_K,TENIS_K,SIMPLE_CH1,SIMPLE_CH2,SIMPLE_CH3,SIMPLE_CH4,VIMOS_UE,MUSYC_UE,MUSYC_U38E,MUSYC_BE,MUSYC_VE,MUSYC_RE,MUSYC_IE,MUSYC_ZE,MUSYC_JE,HAWK_JE,TENIS_JE,MUSYC_HE,MUSYC_KE,HAWK_KE,TENIS_KE,SIMPLE_CH1E,SIMPLE_CH2E,SIMPLE_CH3E,SIMPLE_CH4E,zphot,zlo,zhi,Mh,wb_obs,wb_det,Separation
52.965,-27.76472,103.1324,512.6,513.0,11.14,0.013699,19,0,1.0,1.0,1,aless101,spw2123,37418,52.9648421,-27.7648523,27.12899309378388,999.0,999.0,26.451071213423134,25.930071213423133,25.25707121342313,999.0,999.0,999.0,23.560046,24.690893521334655,23.156071213423132,999.0,22.886046,22.8544536121957,22.05303729408968,21.554283005168454,21.030469681903888,20.764779609254234,0.109587,0.0,0.0,0.244705,0.188618,0.211774,0.0,0.0,0.0,0.109861,0.235456,0.258207,0.0,0.0893714,0.0804116,0.0304057,0.0265588,0.0761934,0.0303976,2.565,2.364,2.781,-24.29,15,11,0.6927089252178397
53.20358,-27.52035,104.367,513.5,513.4,13.61,0.018358,19,0,1.0,1.0,4,aless112,spw2123,58756,53.2036077,-27.5203593,26.83499309378388,0.0,0.0,0.0,0.0,0.0,0.0,0.0,0.0,0.0,0.0,0.0,0.0,0.0,0.0,20.52303729408968,20.196283005168453,19.83446968190389,20.258779609254233,0.0845735,0.0,0.0,0.0,0.0,0.0,0.0,0.0,0.0,0.0,0.0,0.0,0.0,0.0,0.0,0.0075084,0.00767,0.0259209,0.0191731,1.95,1.689,2.101,-24.67,5,5,0.09456161799276054
53.0306,-27.85576,90.8227,507.3,513.1,8.19,0.0049,5,0,1.0,1.0,10,aless17,spw1719,29306,53.0305348,-27.8557579,25.00099309378388,25.047071213423134,25.250071213423134,24.403071213423132,24.159071213423132,23.743071213423132,23.01007121342313,22.855071213423134,21.572071213423133,21.760046,21.608893521334657,21.276071213423133,20.906071213423132,20.808046,20.603453612195704,19.93703729408968,19.74728300516845,19.766469681903885,19.934779609254235,0.0161224,0.0881491,0.233013,0.0408421,0.0395833,0.0564895,0.0618463,0.0811616,0.0589102,0.0218087,0.0152754,0.0504093,0.0701173,0.0136541,0.0104474,0.00438301,0.00507825,0.0243648,0.0142586,1.5,1.428,1.612,-24.46,15,15,0.20765987335193895
53.06867,-27.87972,97.0476,691.2,388.2,8.48,0.005426,9,0,1.0,1.0,11,aless34,spw2123,26851,53.0688467,-27.8797119,26.231993093783878,999.0,999.0,25.378071213423134,25.053071213423134,24.52407121342313,24.339071213423132,23.773071213423133,23.146071213423134,23.295046,23.301893521334655,0.0,21.714071213423132,22.005046,21.820453612195703,20.854037294089682,20.605283005168452,20.422469681903888,20.548779609254236,0.0493349,0.0,0.0,0.0976399,0.0881659,0.112961,0.197365,0.180426,0.231477,0.086993,0.0707972,0.0,0.142653,0.0406114,0.031735,0.0101722,0.0111608,0.0441753,0.0249763,1.695,1.55,1.844,-23.88,14,12,0.5630419425624484
53.07346,-27.87434,97.0945,552.8,564.4,7.06,0.006192,17,12,0.988,0.999,23,aless34,spw2123,27435,53.073428,-27.8746129,24.237993093783878,24.657071213423134,24.456071213423133,23.83807121342313,23.41407121342313,22.755071213423133,21.564071213423134,21.22207121342313,20.689071213423134,20.494046,20.451893521334657,0.0,19.781071213423132,19.701046,19.454453612195703,19.101037294089686,19.318283005168453,19.77046968190389,19.935779609254233,0.00801411,0.0622943,0.118392,0.0244569,0.0201106,0.0230934,0.0166726,0.018568,0.0265162,0.00684273,0.00528682,0.0,0.0254,0.00494545,0.00363725,0.00203162,0.00342331,0.0244537,0.0142717,0.75,0.692,0.817,-23.66,14,14,0.9877036383294407
53.06956,-27.87747,96.9851,665.4,461.9,6.7,0.006074,17,15,0.919,0.995,26,aless34,spw2123,27116,53.0695691,-27.8775227,27.807993093783878,999.0,999.0,999.0,26.116071213423133,24.317071213423134,22.833071213423132,22.630071213423133,21.592071213423132,21.690046,21.558893521334657,0.0,21.049071213423133,20.898046,20.713453612195707,20.48303729408968,20.80828300516845,21.35446968190389,21.919779609254235,0.196584,0.0,0.0,0.0,0.220499,0.0941766,0.052765,0.066425,0.0599758,0.0204598,0.0145925,0.0,0.0796342,0.0148261,0.0115555,0.00723772,0.0134412,0.101482,0.0858328,0.94,0.91,0.982,-22.83,14,11,0.19191731195758382
53.07489,-27.8759,84.922,511.3,513.4,7.55,0.005563,9,0,1.0,1.0,30,aless34,spw1719,27150,53.0749471,-27.8759416,27.27199309378388,999.0,999.0,999.0,999.0,999.0,999.0,999.0,999.0,24.219046,999.0,0.0,999.0,999.0,999.0,23.139037294089682,23.019283005168454,999.0,22.686779609254234,0.124162,0.0,0.0,0.0,0.0,0.0,0.0,0.0,0.0,0.193763,0.0,0.0,0.0,0.0,0.0,0.0807603,0.098988,0.0,0.167424,1.89,1.608,2.18,-21.77,14,5,0.23546887240511688
52.79195,-27.87687,97.4882,187.2,189.1,25.2,0.016296,17,0,1.0,1.0,31,aless41,allspw,27184,52.792042,-27.8768684,0.0,0.0,0.0,0.0,0.0,0.0,0.0,0.0,0.0,0.0,0.0,0.0,0.0,0.0,0.0,20.08503729408968,19.804283005168454,19.35646968190389,19.107779609254234,0.0,0.0,0.0,0.0,0.0,0.0,0.0,0.0,0.0,0.0,0.0,0.0,0.0,0.0,0.0,0.00502163,0.00535131,0.0167606,0.00668031,2.75,2.028,7.0,-26.15,4,4,0.2928223758219498
52.85295,-27.84637,87.6598,175.0,163.6,25.14,0.013938,13,0,1.0,1.0,73,aless49,allspw,30054,52.8529229,-27.8463475,0.0,999.0,999.0,24.598071213423133,24.30607121342313,24.069071213423133,23.825071213423133,24.025071213423132,0.0,0.0,23.189893521334657,0.0,999.0,22.290046,22.372453612195706,21.732037294089682,21.461283005168454,21.05246968190389,20.872779609254238,0.0,0.0,0.0,0.0486996,0.0452044,0.0755975,0.12708,0.223007,0.0,0.0,0.0640587,0.0,0.0,0.0525111,0.0522644,0.0227039,0.0244029,0.0776985,0.0335282,3.185,2.961,3.385,-24.9,13,11,0.1183312463482435
53.25915,-27.67653,99.5167,515.7,512.3,6.8,0.00449,9,0,1.0,0.982,86,aless55,spw2123,45549,53.2593011,-27.67657,24.52799309378388,24.820071213423134,24.675071213423134,24.197071213423133,24.13507121342313,24.058071213423133,23.76007121342313,999.0,999.0,23.383046,23.218893521334657,999.0,22.387071213423134,23.154046,22.623453612195703,22.21503729408968,22.042283005168454,21.61646968190389,21.146779609254235,0.010456,0.0720569,0.143175,0.0338927,0.0387332,0.0748611,0.120089,0.0,0.0,0.0940281,0.0657412,0.0,0.251767,0.113129,0.0654551,0.0352198,0.0413461,0.127607,0.0429647,2.28,2.039,2.357,-23.46,15,13,0.5027844908194831
53.19127,-28.00645,85.3126,509.0,514.2,7.85,0.005567,9,0,1.0,1.0,89,aless61,spw1719,15663,53.1912264,-28.0065472,999.0,999.0,999.0,999.0,999.0,999.0,24.415071213423133,23.886071213423133,999.0,0.0,22.956893521334656,999.0,999.0,22.687046,22.461453612195704,22.64403729408968,22.409283005168454,999.0,21.754779609254236,0.0,0.0,0.0,0.0,0.0,0.0,0.210372,0.198508,0.0,0.0,0.0519775,0.0,0.0,0.0749079,0.0566146,0.0518838,0.0575402,0.0,0.0741347,6.38501,6.007,6.699,-25.34,15,7,0.37636175693650287
53.15219,-27.58151,97.579,519.3,516.4,20.6,0.015951,11,0,1.0,1.0,91,aless62,spw2123,53771,53.1521894,-27.5815163,26.112993093783878,26.227071213423134,999.0,25.252071213423132,24.79207121342313,24.140071213423134,23.156071213423132,23.134071213423134,21.91707121342313,0.0,22.014893521334656,0.0,20.558071213423133,0.0,20.501453612195704,19.51203729408968,19.33828300516845,19.473469681903886,19.480779609254235,0.0443165,0.242927,0.0,0.08736,0.0699189,0.0805213,0.0704649,0.103837,0.0801489,0.0,0.0221319,0.0,0.0513353,0.0,0.00951472,0.00296522,0.00348685,0.0186513,0.00940698,1.3,1.188,1.423,-24.53,14,13,0.022760663351110707
53.15333,-27.58121,97.579,486.3,526.5,20.28,0.017226,13,1,1.0,1.0,92,aless62,spw2123,53804,53.153312,-27.5812379,24.475993093783877,24.736071213423134,24.715071213423133,23.906071213423132,23.41407121342313,22.648071213423133,21.695071213423134,21.590071213423133,20.99207121342313,20.901046,20.765893521334657,0.0,19.896071213423134,0.0,19.781453612195705,19.621037294089682,20.034283005168454,20.001469681903888,20.295779609254236,0.00996928,0.066854,0.148197,0.0260188,0.0201106,0.0209468,0.0187922,0.0259705,0.034916,0.00994053,0.00705409,0.0,0.0282015,0.0,0.00491267,0.00327789,0.0066101,0.0301715,0.0198317,0.72,0.651,0.773,-23.13,14,14,0.11570249706471955
53.15273,-27.58028,97.5946,503.7,556.9,19.55,0.017888,15,5,1.0,1.0,96,aless62,spw2123,53809,53.1524671,-27.5802557,27.74499309378388,999.0,999.0,26.37007121342313,25.21307121342313,23.973071213423133,23.006071213423134,23.119071213423133,22.768071213423134,22.608046,22.330893521334655,0.0,21.862071213423132,21.985046,21.735453612195705,21.53503729408968,21.93028300516845,21.97546968190389,22.724779609254234,0.1864,0.0,0.0,0.228839,0.101529,0.0694002,0.0616252,0.102477,0.168389,0.0470707,0.0295079,0.0,0.162002,0.0398836,0.0293773,0.0189693,0.0373626,0.17379,0.172937,0.61,0.531,0.669,-20.71,14,12,0.8434383804742903
53.15438,-27.57977,97.579,455.7,573.5,18.24,0.010679,7,11,1.0,1.0,102,aless62,spw2123,53941,53.1542361,-27.5799722,25.41399309378388,25.53607121342313,25.203071213423133,24.301071213423132,22.983071213423134,21.737071213423132,20.308071213423133,20.247071213423133,19.578071213423133,19.531046,19.447893521334656,0.0,18.715071213423133,0.0,18.632453612195704,18.614037294089684,19.15528300516845,19.31046968190389,19.988779609254234,0.0235044,0.135279,0.224092,0.0372419,0.0135624,0.00910108,0.00527093,0.00760261,0.00960514,0.0028238,0.00210006,0.0,0.00958529,0.0,0.00170749,0.00129775,0.00294673,0.0160704,0.0149807,0.69,0.645,0.704,-24.17,14,14,0.8606436814176708
53.14974,-27.58122,97.7509,590.3,526.1,7.77,0.007032,15,46,1.0,1.0,137,aless62,spw2123,53805,53.1498245,-27.5811864,27.214993093783878,999.0,999.0,26.147071213423132,25.733071213423134,24.575071213423133,23.293071213423133,23.267071213423133,23.249071213423132,0.0,22.561893521334657,0.0,21.724071213423134,21.536046,21.501453612195704,21.07603729408968,21.449283005168454,21.63046968190389,21.632779609254236,0.118145,0.0,0.0,0.189837,0.159501,0.118108,0.079602,0.116665,0.252026,0.0,0.0363877,0.0,0.143889,0.0265385,0.0237434,0.0124668,0.0241376,0.129168,0.0664916,0.74,0.643,0.853,-21.67,14,12,0.29551871017677456
53.21772,-27.59059,84.6876,514.4,514.3,10.18,0.007162,9,0,1.0,1.0,140,aless65,spw1719,52936,53.2178853,-27.5905694,26.87699309378388,999.0,999.0,26.293071213423133,25.737071213423132,999.0,999.0,23.752071213423132,999.0,999.0,999.0,0.0,999.0,999.0,999.0,23.20803729408968,23.737283005168454,999.0,22.414779609254236,0.0877779,0.0,0.0,0.21462,0.160048,0.0,0.0,0.177237,0.0,0.0,0.0,0.0,0.0,0.0,0.0,0.085855,0.184231,0.0,0.132485,2.61,2.283,2.74,-21.87,14,7,0.5325957342049517
53.38333,-27.90276,97.3601,505.1,509.1,11.13,0.005102,5,4,1.0,1.0,147,aless66,spw2123,24476,53.3830919,-27.9029202,0.0,20.70207121342313,20.630071213423133,20.919071213423134,20.875071213423134,20.485071213423133,20.34107121342313,19.881071213423134,20.95207121342313,0.0,0.0,0.0,20.040071213423133,0.0,0.0,19.194037294089682,19.041283005168452,18.76946968190389,18.520779609254234,0.0,0.00167738,0.00368196,0.00168022,0.00195642,0.00288097,0.00543319,0.00543247,0.0336724,0.0,0.0,0.0,0.0321425,0.0,0.0,0.00221313,0.00265338,0.00979231,0.00389542,2.33,2.269,2.369,-26.32,13,13,0.9520637246199383
53.38177,-27.89934,97.3133,550.0,621.0,9.67,0.008215,15,12,1.0,1.0,155,aless66,spw2123,25596,53.3819876,-27.8994327,0.0,999.0,999.0,23.804071213423132,22.901071213423133,21.85607121342313,21.171071213423133,19.573071213423134,23.237071213423132,0.0,0.0,0.0,20.869071213423133,0.0,0.0,22.99203729408968,23.755283005168454,21.03846968190389,999.0,0.0,0.0,0.0,0.0237111,0.0125816,0.0101504,0.0116362,0.00409322,0.249552,0.0,0.0,0.0,0.0678399,0.0,0.0,0.0708599,0.18706,0.0767374,0.0,3.805,3.765,3.865,-24.4,13,10,0.7685460061223082
53.27353,-27.55791,97.9448,194.1,169.7,13.61,0.019295,11,0,1.0,1.0,180,aless71,allspw,55794,53.2736113,-27.5579273,0.0,999.0,999.0,25.430071213423133,25.296071213423133,24.32707121342313,23.12007121342313,22.892071213423133,21.907071213423134,0.0,0.0,0.0,20.709071213423133,0.0,0.0,18.72503729408968,18.051283005168454,17.46546968190389,17.391779609254236,0.0,0.0,0.0,0.102211,0.109202,0.095011,0.0682375,0.0838691,0.0794403,0.0,0.0,0.0,0.0587912,0.0,0.0,0.00143735,0.00106688,0.00295566,0.00137866,2.505,2.339,2.646,-27.8,13,11,0.2668432860870952
52.86326,-27.93091,97.3475,178.9,197.6,27.3,0.016376,13,0,1.0,1.0,184,aless75,allspw,22031,52.8632821,-27.9309248,0.0,24.810071213423132,24.573071213423134,23.608071213423134,23.340071213423133,23.114071213423134,23.073071213423134,23.178071213423134,22.127071213423132,22.671046,22.340893521334657,0.0,21.907071213423134,21.973046,21.913453612195703,20.66903729408968,20.034283005168454,19.20046968190389,18.27777960925424,0.0,0.0714176,0.13108,0.0198303,0.018797,0.0320108,0.0654319,0.107925,0.0965119,0.0498192,0.0297772,0.0,0.168352,0.0394531,0.0345284,0.00858483,0.0066101,0.0145323,0.00311537,2.385,2.325,2.463,-25.96,13,13,0.08820297644810492
52.85311,-27.92791,98.6757,308.0,240.7,7.72,0.00146,3,3,1.0,1.0,187,aless75,allspw,22200,52.8531274,-27.9279407,0.0,999.0,999.0,999.0,999.0,25.521071213423134,999.0,999.0,0.0,999.0,24.694893521334656,0.0,0.0,23.022046,23.228453612195704,22.73903729408968,22.284283005168454,22.21846968190389,21.530779609254235,0.0,0.0,0.0,0.0,0.0,0.263483,0.0,0.0,0.0,0.0,0.236237,0.0,0.0,0.10076,0.111826,0.0565066,0.0514285,0.213343,0.0606929,3.585,3.203,4.182,-24.44,13,7,0.12360305739415732
53.21193,-27.52823,104.3276,192.3,198.9,12.16,0.009057,17,0,1.0,1.0,189,aless87,allspw,58116,53.2119725,-27.5282452,25.359993093783878,0.0,0.0,0.0,0.0,0.0,0.0,0.0,0.0,0.0,0.0,0.0,0.0,0.0,0.0,20.88403729408968,20.656283005168454,20.430469681903887,20.099779609254234,0.0223757,0.0,0.0,0.0,0.0,0.0,0.0,0.0,0.0,0.0,0.0,0.0,0.0,0.0,0.0,0.0104558,0.0116947,0.0444954,0.0165811,3.2,2.729,3.281,-25.68,5,5,0.1462967876998993
53.21853,-27.5303,104.3276,108.0,169.1,8.25,0.004878,11,3,1.0,1.0,192,aless87,allspw,57981,53.2185205,-27.5303368,27.196993093783878,0.0,0.0,0.0,0.0,0.0,0.0,0.0,0.0,0.0,0.0,0.0,0.0,0.0,0.0,21.227037294089683,20.955283005168454,20.655469681903888,20.929779609254236,0.116303,0.0,0.0,0.0,0.0,0.0,0.0,0.0,0.0,0.0,0.0,0.0,0.0,0.0,0.0,0.0143148,0.0153763,0.0544881,0.0353063,2.035,1.639,2.245,-24.04,5,5,0.13590696152335535
52.97842,-27.89482,104.4607,506.0,514.1,10.89,0.010594,19,0,1.0,1.0,196,aless88,spw2123,25143,52.9784357,-27.894839,25.76499309378388,999.0,999.0,25.11707121342313,24.810071213423132,24.634071213423134,23.942071213423134,23.956071213423133,22.842071213423132,23.018046,22.996893521334655,22.691071213423132,21.741071213423133,21.713046,21.622453612195706,20.74003729408968,20.457283005168453,20.13446968190389,20.290779609254233,0.0323426,0.0,0.0,0.0775013,0.0710502,0.12434,0.14064,0.210523,0.179335,0.0680029,0.0538805,0.175046,0.146014,0.0311707,0.0265087,0.00916254,0.00974496,0.0340423,0.0197414,2.195,2.134,2.301,-24.86,15,13,0.08469854907256488
52.97895,-27.89348,104.0857,490.7,558.1,6.49,0.00474,11,3,0.941,0.997,199,aless88,spw2123,25275,52.9789243,-27.8935489,25.82299309378388,25.657071213423134,999.0,24.680071213423133,24.200071213423133,24.03307121342313,23.682071213423132,23.668071213423133,999.0,23.515046,23.329893521334657,999.0,22.28607121342313,22.263046,21.952453612195704,21.293037294089682,21.157283005168452,20.91246968190389,21.043779609254234,0.0340897,0.150171,0.0,0.0524293,0.0410782,0.0732133,0.112179,0.164994,0.0,0.10561,0.0725863,0.0,0.23162,0.0512513,0.0357706,0.0152057,0.0184938,0.0685891,0.0391454,2.61,2.426,2.851,-24.44,15,13,0.2611710570574377
52.97189,-27.90284,102.5542,694.8,251.8,6.05,0.003313,7,4,0.788,0.943,200,aless88,spw2123,24406,52.971815,-27.9029058,27.06599309378388,999.0,999.0,999.0,26.05607121342313,25.35907121342313,23.833071213423132,23.485071213423133,22.355071213423134,0.0,22.220893521334656,21.73107121342313,21.011071213423133,21.083046,20.881453612195706,20.188037294089682,20.137283005168452,20.36846968190389,20.399779609254235,0.103694,0.0,0.0,0.0,0.209718,0.230561,0.127967,0.140988,0.117879,0.0,0.0266994,0.0757519,0.0769901,0.0175582,0.0134773,0.00552008,0.00726568,0.042073,0.0218054,1.09,0.994,1.255,-23.38,15,12,0.33622470191559656
52.87357,-27.95435,97.0945,544.4,577.5,24.34,0.023947,17,4,1.0,1.0,207,aless98,spw2123,19990,52.8737147,-27.9541396,0.0,25.860071213423133,999.0,25.380071213423133,25.329071213423134,24.980071213423134,24.314071213423134,23.791071213423134,999.0,24.255046,23.616893521334656,0.0,22.303071213423134,23.473046,23.152453612195703,23.252037294089682,999.0,999.0,999.0,0.0,0.178629,0.0,0.0978121,0.112403,0.167561,0.19325,0.183201,0.0,0.199729,0.0936252,0.0,0.234907,0.149214,0.104619,0.0892637,0.0,0.0,0.0,0.67,0.458,1.206,-19.45,13,9,0.8862529931551288
52.87464,-27.9565,97.2664,513.3,507.1,13.22,0.011882,17,45,1.0,1.0,248,aless98,spw2123,19885,52.8745848,-27.9563438,0.0,999.0,999.0,999.0,999.0,999.0,24.304071213423132,999.0,23.281071213423132,0.0,22.662893521334656,0.0,21.235071213423133,0.0,21.120453612195703,19.82003729408968,19.44528300516845,19.396469681903888,19.514779609254234,0.0,0.0,0.0,0.0,0.0,0.0,0.191625,0.0,0.258733,0.0,0.0398707,0.0,0.0938882,0.0,0.0167703,0.00393607,0.00384734,0.0173846,0.00970489,1.665,1.526,1.783,-24.97,13,7,0.5890794953214918
