RA,DEC,FREQ_GHZ,X,Y,SNR,FLUX_MAX,BINNING,GROUP,F,F_kw,ID,source,window
52.965,-27.76472,103.1324,512.6,513.0,11.14,0.013699,19,0,1.0,1.0,1,aless101,spw2123
53.20358,-27.52035,104.367,513.5,513.4,13.61,0.018358,19,0,1.0,1.0,4,aless112,spw2123
53.21329,-27.52038,101.1791,231.7,512.3,6.63,0.005603,9,3,0.977,1.0,7,aless112,spw2123
53.21129,-27.52205,103.9138,289.8,457.8,6.04,0.004079,5,4,0.718,0.969,8,aless112,spw2123
53.197,-27.52418,90.2757,704.4,387.9,6.08,0.00512,9,0,0.867,1.0,9,aless112,spw1719
53.0306,-27.85576,90.8227,507.3,513.1,8.19,0.0049,5,0,1.0,1.0,10,aless17,spw1719
53.06867,-27.87972,97.0476,691.2,388.2,8.48,0.005426,9,0,1.0,1.0,11,aless34,spw2123
53.07362,-27.87172,97.032,548.1,650.0,8.42,0.00599,11,1,1.0,1.0,12,aless34,spw2123
53.0751,-27.8791,97.0476,505.2,408.6,8.33,0.004659,7,2,1.0,1.0,13,aless34,spw2123
53.06985,-27.87901,97.032,657.0,411.7,8.29,0.005312,9,3,1.0,1.0,14,aless34,spw2123
53.07569,-27.87513,97.032,488.3,538.6,8.14,0.006303,13,4,1.0,1.0,15,aless34,spw2123
53.07502,-27.87383,97.0633,507.5,581.0,8.05,0.005124,9,5,1.0,1.0,16,aless34,spw2123
53.07502,-27.87541,97.0633,507.5,529.5,8.02,0.006158,13,6,1.0,1.0,17,aless34,spw2123
53.07306,-27.87339,97.0476,564.3,595.6,7.88,0.006523,15,7,1.0,1.0,18,aless34,spw2123
53.07425,-27.87337,97.0633,530.0,596.2,7.76,0.006406,15,8,1.0,1.0,19,aless34,spw2123
53.07418,-27.87732,97.0789,531.8,467.0,7.59,0.005347,11,9,1.0,1.0,20,aless34,spw2123
53.07245,-27.87718,97.0633,581.9,471.5,7.43,0.006538,17,10,0.999,1.0,21,aless34,spw2123
53.07483,-27.87439,97.0789,513.0,562.8,7.24,0.006357,17,11,0.997,1.0,22,aless34,spw2123
53.07346,-27.87434,97.0945,552.8,564.4,7.06,0.006192,17,12,0.988,0.999,23,aless34,spw2123
53.07513,-27.87626,97.0164,504.4,501.7,6.97,0.003877,7,13,0.98,1.0,24,aless34,spw2123
53.07418,-27.875,97.0476,532.0,542.9,6.87,0.006421,19,14,0.965,0.997,25,aless34,spw2123
53.06956,-27.87747,96.9851,665.4,461.9,6.7,0.006074,17,15,0.919,0.995,26,aless34,spw2123
53.06772,-27.87978,97.0945,718.8,386.3,6.64,0.004184,9,16,0.896,0.988,27,aless34,spw2123
53.07516,-27.87752,97.0476,503.5,460.4,6.52,0.002184,3,17,0.833,1.0,28,aless34,spw2123
53.07489,-27.8759,84.922,511.3,513.4,7.55,0.005563,9,0,1.0,1.0,30,aless34,spw1719
52.79195,-27.87687,97.4882,187.2,189.1,25.2,0.016296,17,0,1.0,1.0,31,aless41,allspw
52.7909,-27.87376,87.1911,200.6,233.9,8.99,0.004344,19,5,1.0,1.0,36,aless41,allspw
52.85295,-27.84637,87.6598,175.0,163.6,25.14,0.013938,13,0,1.0,1.0,73,aless49,allspw
52.85292,-27.84546,87.9879,175.4,176.8,6.16,0.002551,11,5,0.954,1.0,78,aless49,allspw
52.86092,-27.85384,98.9413,73.6,56.2,5.96,0.00156,5,6,0.842,0.957,79,aless49,allspw
52.937,-27.7403,97.6415,535.0,533.4,6.15,0.002949,5,0,0.808,0.997,80,aless51,spw2123
52.93681,-27.73884,97.6415,540.3,581.2,6.09,0.003509,7,1,0.77,1.0,81,aless51,spw2123
52.94024,-27.73993,97.6258,440.9,545.6,5.94,0.002821,5,2,0.658,0.967,82,aless51,spw2123
52.93469,-27.74471,98.626,601.7,388.9,5.89,0.004489,11,3,0.617,0.983,83,aless51,spw2123
52.93893,-27.74125,97.6258,478.8,502.3,5.89,0.003364,7,4,0.617,0.979,84,aless51,spw2123
52.92868,-27.74426,96.9695,775.8,403.7,5.88,0.004281,11,5,0.609,0.981,85,aless51,spw2123
53.25915,-27.67653,99.5167,515.7,512.3,6.8,0.00449,9,0,1.0,0.982,86,aless55,spw2123
53.2576,-27.67774,99.4854,560.7,472.8,6.17,0.003772,7,1,0.961,0.892,87,aless55,spw2123
53.25884,-27.68659,87.1253,524.7,183.2,6.55,0.005638,17,0,0.994,0.998,88,aless55,spw1719
53.19127,-28.00645,85.3126,509.0,514.2,7.85,0.005567,9,0,1.0,1.0,89,aless61,spw1719
53.18617,-28.01359,86.2502,656.3,280.7,6.04,0.004613,11,1,0.685,0.956,90,aless61,spw1719
53.15219,-27.58151,97.579,519.3,516.4,20.6,0.015951,11,0,1.0,1.0,91,aless62,spw2123
53.15333,-27.58121,97.579,486.3,526.5,20.28,0.017226,13,1,1.0,1.0,92,aless62,spw2123
53.15272,-27.58187,97.5946,504.0,504.8,20.27,0.017243,13,2,1.0,1.0,93,aless62,spw2123
53.15394,-27.58139,97.579,468.6,520.4,19.84,0.013589,9,3,1.0,1.0,94,aless62,spw2123
53.14996,-27.58223,97.6102,584.0,493.0,19.58,0.016576,13,4,1.0,1.0,95,aless62,spw2123
53.15273,-27.58028,97.5946,503.7,556.9,19.55,0.017888,15,5,1.0,1.0,96,aless62,spw2123
53.15403,-27.58324,97.5633,466.1,459.8,19.34,0.013149,9,6,1.0,1.0,97,aless62,spw2123
53.15466,-27.58054,97.579,447.6,548.4,19.23,0.017547,15,7,1.0,1.0,98,aless62,spw2123
53.14945,-27.58495,97.5633,598.9,404.1,18.62,0.010896,7,8,1.0,1.0,99,aless62,spw2123
53.15209,-27.58058,97.6258,522.4,546.9,18.59,0.018101,17,9,1.0,1.0,100,aless62,spw2123
53.15133,-27.58266,97.5477,544.3,479.0,18.36,0.012388,9,10,1.0,1.0,101,aless62,spw2123
53.15438,-27.57977,97.579,455.7,573.5,18.24,0.010679,7,11,1.0,1.0,102,aless62,spw2123
53.15217,-27.58221,97.6102,519.8,493.7,17.9,0.018411,19,12,1.0,1.0,103,aless62,spw2123
53.15263,-27.58377,97.6258,506.5,442.8,17.76,0.013703,11,13,1.0,1.0,104,aless62,spw2123
53.15834,-27.58174,97.5946,341.0,509.2,17.61,0.018112,19,14,1.0,1.0,105,aless62,spw2123
53.15287,-27.58473,97.5633,499.7,411.2,16.75,0.008012,5,15,1.0,1.0,106,aless62,spw2123
53.15102,-27.57982,97.5477,553.1,571.8,16.48,0.016768,19,16,1.0,1.0,107,aless62,spw2123
53.15137,-27.58026,97.6571,543.1,557.6,16.41,0.015858,17,17,1.0,1.0,108,aless62,spw2123
53.14775,-27.58121,97.5321,648.0,526.5,16.4,0.011,9,18,1.0,1.0,109,aless62,spw2123
53.14897,-27.58108,97.5321,612.8,530.8,16.18,0.01643,19,19,1.0,1.0,110,aless62,spw2123
53.15151,-27.58179,97.579,538.9,507.6,16.06,0.007687,5,20,1.0,1.0,111,aless62,spw2123
53.15606,-27.58055,97.5321,407.1,547.9,15.87,0.01405,15,22,1.0,1.0,113,aless62,spw2123
53.15254,-27.58097,97.6415,509.1,534.2,15.7,0.009462,7,23,1.0,1.0,114,aless62,spw2123
53.15058,-27.58431,97.6571,565.9,424.8,15.66,0.014154,15,24,1.0,1.0,115,aless62,spw2123
53.15026,-27.58366,97.6571,575.4,446.2,15.19,0.012751,13,25,1.0,1.0,116,aless62,spw2123
53.15279,-27.57781,97.5164,501.9,637.6,14.88,0.014067,17,26,1.0,1.0,117,aless62,spw2123
53.1501,-27.58005,97.5164,579.9,564.2,14.37,0.011632,13,27,1.0,1.0,118,aless62,spw2123
53.15675,-27.58067,97.5164,387.1,544.1,13.96,0.009291,9,28,1.0,1.0,119,aless62,spw2123
53.15435,-27.57905,97.6571,456.5,597.2,13.81,0.008285,7,29,1.0,1.0,120,aless62,spw2123
53.15591,-27.58276,97.5164,411.5,475.8,13.78,0.007978,7,30,1.0,1.0,121,aless62,spw2123
53.15037,-27.58055,97.6727,572.0,548.1,13.62,0.011421,13,32,1.0,1.0,123,aless62,spw2123
53.15379,-27.58266,97.5946,473.1,478.8,13.33,0.004613,3,33,1.0,1.0,124,aless62,spw2123
53.14918,-27.58045,97.6883,606.7,551.4,12.95,0.011758,15,34,1.0,1.0,125,aless62,spw2123
53.15379,-27.58408,97.4852,473.0,432.5,12.53,0.011666,17,35,1.0,1.0,126,aless62,spw2123
53.14933,-27.58215,97.5008,602.3,495.6,12.5,0.010114,13,36,1.0,1.0,127,aless62,spw2123
53.15153,-27.58117,97.6883,538.5,527.6,12.16,0.0102,13,37,1.0,1.0,128,aless62,spw2123
53.15096,-27.58084,97.6883,554.9,538.6,11.3,0.008638,11,39,1.0,1.0,130,aless62,spw2123
53.15446,-27.58499,97.7352,453.6,402.7,11.2,0.011552,19,40,1.0,1.0,131,aless62,spw2123
53.14997,-27.58352,97.4852,583.8,450.8,10.88,0.008774,13,41,1.0,1.0,132,aless62,spw2123
53.15278,-27.58159,97.4539,502.3,513.8,10.67,0.010408,19,42,1.0,1.0,133,aless62,spw2123
53.15081,-27.57954,97.7509,559.4,581.1,10.04,0.010323,19,43,1.0,1.0,134,aless62,spw2123
53.15337,-27.58322,97.4383,485.0,460.8,9.52,0.009202,19,44,1.0,1.0,135,aless62,spw2123
53.15094,-27.58262,97.7665,555.5,480.2,8.91,0.009112,19,45,1.0,1.0,136,aless62,spw2123
53.14974,-27.58122,97.7509,590.3,526.1,7.77,0.007032,15,46,1.0,1.0,137,aless62,spw2123
53.15322,-27.5823,97.6883,489.5,490.6,6.31,0.002224,3,47,0.995,0.997,138,aless62,spw2123
53.15913,-27.58604,87.0472,318.0,368.3,6.08,0.00493,15,0,0.908,0.915,139,aless62,spw1719
53.21772,-27.59059,84.6876,514.4,514.3,10.18,0.007162,9,0,1.0,1.0,140,aless65,spw1719
53.2181,-27.58463,84.7813,503.5,709.2,6.12,0.003109,5,2,0.757,0.958,142,aless65,spw1719
53.3857,-27.90539,97.3601,436.6,423.0,11.48,0.00642,7,0,1.0,1.0,143,aless66,spw2123
53.38384,-27.90375,97.3445,490.1,476.9,11.33,0.006412,7,1,1.0,1.0,144,aless66,spw2123
53.38587,-27.90331,97.3445,431.7,491.3,11.18,0.007273,9,2,1.0,1.0,145,aless66,spw2123
53.38268,-27.90063,97.3601,523.8,579.1,11.14,0.007205,9,3,1.0,1.0,146,aless66,spw2123
53.38333,-27.90276,97.3601,505.1,509.1,11.13,0.005102,5,4,1.0,1.0,147,aless66,spw2123
53.38385,-27.90473,97.3758,490.1,444.6,10.68,0.005931,7,5,1.0,1.0,148,aless66,spw2123
53.38401,-27.90232,97.3601,485.2,523.8,10.59,0.007666,11,6,1.0,1.0,149,aless66,spw2123
53.383,-27.90193,97.3758,514.4,536.5,10.58,0.00681,9,7,1.0,1.0,150,aless66,spw2123
53.38307,-27.90525,97.3289,512.7,427.6,10.25,0.008073,13,8,1.0,1.0,151,aless66,spw2123
53.38508,-27.90494,97.3758,454.5,437.8,10.23,0.004652,5,9,1.0,1.0,152,aless66,spw2123
53.38342,-27.90581,97.3445,502.5,409.5,10.12,0.00799,13,10,1.0,1.0,153,aless66,spw2123
53.38628,-27.90445,97.3758,419.6,453.9,10.1,0.007281,11,11,1.0,1.0,154,aless66,spw2123
53.38177,-27.89934,97.3133,550.0,621.0,9.67,0.008215,15,12,1.0,1.0,155,aless66,spw2123
53.38068,-27.90397,97.3133,581.7,469.5,9.55,0.004425,5,13,1.0,1.0,156,aless66,spw2123
53.38447,-27.90357,97.3289,472.1,482.8,9.5,0.003178,3,14,1.0,1.0,157,aless66,spw2123
53.38084,-27.90341,97.2976,577.0,487.8,9.3,0.007323,13,15,1.0,1.0,158,aless66,spw2123
53.38495,-27.9026,97.2976,458.0,514.5,9.3,0.00667,11,16,1.0,1.0,159,aless66,spw2123
53.38095,-27.90021,97.3133,574.0,592.8,9.22,0.008352,17,17,1.0,1.0,160,aless66,spw2123
53.37948,-27.90418,97.2976,616.3,462.6,9.12,0.00825,17,18,1.0,1.0,161,aless66,spw2123
53.38463,-27.89932,97.282,467.4,621.9,8.98,0.0081,17,19,1.0,1.0,162,aless66,spw2123
53.38109,-27.90284,97.3445,569.7,506.6,8.94,0.008102,17,20,1.0,1.0,163,aless66,spw2123
53.38594,-27.90232,97.3914,429.4,523.6,8.65,0.003937,5,21,1.0,1.0,164,aless66,spw2123
53.38247,-27.90306,97.282,529.8,499.5,8.27,0.005884,11,22,1.0,1.0,165,aless66,spw2123
53.38351,-27.90198,97.2508,499.8,534.8,7.95,0.007576,19,23,1.0,1.0,166,aless66,spw2123
53.3822,-27.90506,97.407,537.6,434.1,7.59,0.00484,9,24,1.0,1.0,167,aless66,spw2123
53.3833,-27.90338,97.2351,505.8,488.9,7.18,0.0068,19,27,1.0,1.0,170,aless66,spw2123
53.38487,-27.90343,97.4383,460.5,487.4,7.13,0.006479,17,28,1.0,1.0,171,aless66,spw2123
53.38499,-27.90411,97.4539,457.0,465.0,6.66,0.006059,17,29,0.998,1.0,172,aless66,spw2123
53.38387,-27.90304,97.4695,489.4,499.9,6.57,0.006387,19,30,0.994,1.0,173,aless66,spw2123
53.38699,-27.91523,85.297,399.2,101.0,6.14,0.004924,11,0,0.863,0.996,174,aless66,spw1719
53.39589,-27.9109,84.9219,141.7,242.7,6.05,0.003136,5,1,0.766,1.0,175,aless66,spw1719
53.23729,-28.01693,103.6325,514.3,510.9,14.71,0.020075,19,0,1.0,1.0,176,aless6,spw2123
53.27353,-27.55791,97.9448,194.1,169.7,13.61,0.019295,11,0,1.0,1.0,180,aless71,allspw
52.86326,-27.93091,97.3475,178.9,197.6,27.3,0.016376,13,0,1.0,1.0,184,aless75,allspw
52.85311,-27.92791,98.6757,308.0,240.7,7.72,0.00146,3,3,1.0,1.0,187,aless75,allspw
53.21193,-27.52823,104.3276,192.3,198.9,12.16,0.009057,17,0,1.0,1.0,189,aless87,allspw
53.21853,-27.5303,104.3276,108.0,169.1,8.25,0.004878,11,3,1.0,1.0,192,aless87,allspw
53.22187,-27.52556,103.8901,65.4,237.4,5.83,0.003181,13,5,0.683,0.886,194,aless87,allspw
52.97842,-27.89482,104.4607,506.0,514.1,10.89,0.010594,19,0,1.0,1.0,196,aless88,spw2123
52.97895,-27.89348,104.0857,490.7,558.1,6.49,0.00474,11,3,0.941,0.997,199,aless88,spw2123
52.97189,-27.90284,102.5542,694.8,251.8,6.05,0.003313,7,4,0.788,0.943,200,aless88,spw2123
52.97392,-27.89412,90.8539,636.1,537.2,6.21,0.002677,5,0,0.876,0.94,202,aless88,spw1719
52.87407,-27.95517,97.1101,530.0,550.5,25.15,0.023253,15,0,1.0,1.0,203,aless98,spw2123
52.87836,-27.95448,97.1258,406.0,573.2,25.02,0.024697,17,1,1.0,1.0,204,aless98,spw2123
52.87426,-27.95636,97.1258,524.5,511.7,25.02,0.023064,15,2,1.0,1.0,205,aless98,spw2123
52.87636,-27.95453,97.1258,463.7,571.5,24.42,0.025375,19,3,1.0,1.0,206,aless98,spw2123
52.87357,-27.95435,97.0945,544.4,577.5,24.34,0.023947,17,4,1.0,1.0,207,aless98,spw2123
52.87607,-27.95811,97.1101,472.1,454.2,24.34,0.025389,19,5,1.0,1.0,208,aless98,spw2123
52.87482,-27.95409,97.1414,508.3,586.0,24.2,0.023581,17,6,1.0,1.0,209,aless98,spw2123
52.87215,-27.95398,97.0945,585.5,589.6,23.78,0.02482,19,7,1.0,1.0,210,aless98,spw2123
52.87298,-27.95474,97.157,561.4,564.6,23.05,0.022146,17,8,1.0,1.0,211,aless98,spw2123
52.87485,-27.95581,97.157,507.5,529.5,22.94,0.020562,15,9,1.0,1.0,212,aless98,spw2123
52.87441,-27.95454,97.0789,520.1,571.0,22.19,0.016987,11,10,1.0,1.0,213,aless98,spw2123
52.87576,-27.95669,97.1414,481.1,500.9,21.71,0.014622,9,11,1.0,1.0,214,aless98,spw2123
52.87224,-27.95686,97.0633,582.9,495.2,21.7,0.022367,19,12,1.0,1.0,215,aless98,spw2123
52.87261,-27.95923,97.1883,572.0,417.7,21.1,0.02106,19,13,1.0,1.0,216,aless98,spw2123
52.86976,-27.95758,97.0789,654.5,471.5,21.01,0.014305,9,14,1.0,1.0,217,aless98,spw2123
52.87411,-27.95883,97.1883,528.8,430.6,20.75,0.019485,17,15,1.0,1.0,218,aless98,spw2123
52.87188,-27.95883,97.0476,593.1,430.9,20.45,0.013976,9,16,1.0,1.0,219,aless98,spw2123
52.87382,-27.95682,97.1883,537.0,496.6,20.44,0.017865,15,17,1.0,1.0,220,aless98,spw2123
52.87311,-27.9582,97.0476,557.5,451.3,20.2,0.011968,7,18,1.0,1.0,221,aless98,spw2123
52.87318,-27.95376,97.1726,555.6,596.7,20.06,0.013453,9,19,1.0,1.0,222,aless98,spw2123
52.87624,-27.95555,97.2039,467.0,538.0,20.02,0.019754,19,20,1.0,1.0,223,aless98,spw2123
52.87541,-27.95621,97.0476,491.3,516.6,19.88,0.015092,11,21,1.0,1.0,224,aless98,spw2123
52.87239,-27.95591,97.0789,578.3,526.5,19.63,0.011513,7,22,1.0,1.0,225,aless98,spw2123
52.87332,-27.9588,97.2039,551.5,431.8,19.54,0.018095,17,23,1.0,1.0,226,aless98,spw2123
52.87408,-27.95582,97.0476,529.6,529.3,19.52,0.017481,15,24,1.0,1.0,227,aless98,spw2123
52.87311,-27.95748,97.1414,557.5,475.0,19.03,0.010998,7,25,1.0,1.0,228,aless98,spw2123
52.86784,-27.95556,97.1883,709.9,537.9,18.65,0.010846,7,27,1.0,1.0,230,aless98,spw2123
52.87658,-27.95586,97.032,457.3,528.0,18.43,0.013958,11,28,1.0,1.0,231,aless98,spw2123
52.87,-27.95691,97.0789,647.6,493.7,18.11,0.008669,5,29,1.0,1.0,232,aless98,spw2123
52.87494,-27.95674,97.032,504.6,499.2,17.3,0.008344,5,30,1.0,1.0,233,aless98,spw2123
52.87563,-27.95467,97.2039,484.9,566.8,17.25,0.012618,11,31,1.0,1.0,234,aless98,spw2123
52.87224,-27.95484,97.0164,582.9,561.5,16.87,0.015016,15,32,1.0,1.0,235,aless98,spw2123
52.87468,-27.95616,97.0164,512.2,518.1,16.79,0.013854,13,33,1.0,1.0,236,aless98,spw2123
52.87958,-27.96106,97.2195,370.7,357.9,16.69,0.014291,15,34,1.0,1.0,237,aless98,spw2123
52.87836,-27.95622,97.2195,405.9,516.2,15.79,0.012556,13,36,1.0,1.0,239,aless98,spw2123
52.86943,-27.96016,97.032,664.1,387.3,15.48,0.005361,3,38,1.0,1.0,241,aless98,spw2123
52.87456,-27.95747,97.0164,515.6,475.3,15.36,0.008947,7,39,1.0,1.0,242,aless98,spw2123
52.87713,-27.95676,97.2351,441.5,498.5,15.13,0.012854,15,40,1.0,1.0,243,aless98,spw2123
52.87686,-27.9552,97.1726,449.2,549.6,14.8,0.005055,3,41,1.0,1.0,244,aless98,spw2123
52.87501,-27.96029,97.2508,502.9,383.1,14.04,0.011867,15,42,1.0,1.0,245,aless98,spw2123
52.87479,-27.95346,97.2664,509.0,606.4,13.77,0.01314,19,43,1.0,1.0,246,aless98,spw2123
52.87353,-27.95595,97.157,545.4,525.1,13.24,0.004483,3,44,1.0,1.0,247,aless98,spw2123
52.87464,-27.9565,97.2664,513.3,507.1,13.22,0.011882,17,45,1.0,1.0,248,aless98,spw2123
52.87158,-27.95278,96.9539,601.8,628.7,13.18,0.013119,19,46,1.0,1.0,249,aless98,spw2123
52.87517,-27.9578,97.2664,498.2,464.6,12.71,0.010705,15,47,1.0,1.0,250,aless98,spw2123
52.88035,-27.95569,97.2508,348.5,533.6,12.28,0.008815,11,48,1.0,1.0,251,aless98,spw2123
52.87164,-27.95543,97.1258,600.3,542.1,11.8,0.003969,3,49,1.0,1.0,252,aless98,spw2123
52.87288,-27.95674,97.2351,564.3,499.2,10.43,0.00347,3,52,1.0,1.0,255,aless98,spw2123
52.87705,-27.95925,97.2664,443.8,417.0,10.15,0.00721,11,53,1.0,1.0,256,aless98,spw2123
52.87518,-27.95718,97.3133,497.9,484.9,10.06,0.009506,19,54,1.0,1.0,257,aless98,spw2123
52.87615,-27.9538,96.9226,469.8,595.2,9.7,0.009628,19,55,1.0,1.0,258,aless98,spw2123
52.87292,-27.95557,97.2977,563.3,537.3,9.24,0.007727,15,56,1.0,1.0,259,aless98,spw2123
52.87416,-27.95781,97.3289,527.4,464.1,8.33,0.007848,19,57,1.0,1.0,260,aless98,spw2123
52.87531,-27.95516,96.9695,493.9,550.8,8.33,0.005521,9,58,1.0,1.0,261,aless98,spw2123
52.87373,-27.95562,96.907,539.6,535.8,7.88,0.007812,19,59,1.0,1.0,262,aless98,spw2123
52.8759,-27.95555,97.3445,476.8,538.0,6.73,0.006337,19,61,1.0,1.0,264,aless98,spw2123
52.86647,-27.96126,86.6878,749.6,351.3,6.02,0.004615,13,0,0.601,0.881,265,aless98,spw1719
34.32117,-5.55735,96.1085,176.9,196.3,28.36,0.024839,7,0,1.0,1.0,266,uds306,allspw
34.32154,-5.559,95.7023,171.7,172.7,15.88,0.012694,11,3,1.0,1.0,269,uds306,allspw
34.32125,-5.55875,95.8116,175.8,176.1,10.73,0.009902,19,6,1.0,1.0,272,uds306,allspw
34.31988,-5.5491,96.0773,195.4,315.1,6.46,0.00539,7,7,0.875,1.0,273,uds306,allspw
34.32243,-5.56565,96.0148,158.9,76.8,6.3,0.007791,17,8,0.828,1.0,274,uds306,allspw
